	new_part_id	participant_id	group_num	background	kernel1	bandwidth1	metric1	min_hotspots1	max_hotspots1	min_circles1	max_circles1	kernel2	bandwidth2	metric2	min_hotspots2	max_hotspots2	min_circles2	max_circles2	kernel3	bandwidth3	metric3	min_hotspots3	max_hotspots3	min_circles3	max_circles3	StartDate	EndDate	Status	IPAddress	Progress	Duration (in seconds)	Finished	RecordedDate	ResponseId	RecipientLastName	RecipientFirstName	RecipientEmail	ExternalReference	LocationLatitude	LocationLongitude	DistributionChannel	UserLanguage	Q51_1	Q2_1	Q3_1	Q4_1	Q5_1	Q6_1	Q7_1	Q9	Q10	Q11	Q12	Q13	Q14	Q15	Q16	Q17	Q18	Q19	Q20	Q21	Q22	Q23	Q25	Q26	Q27_1	Q27_2	Q27_3	Q28_1	Q28_2	Q28_3	Q29	Q30_1	Q31	Q32	Q32_9_TEXT	Q33	Q33_9_TEXT	Q34	Q35	Q36	Q37	Q37_5_TEXT	Q38	Q39	Q40	Q41	Q42	Q43	Q44_1	Q45	Q46	Q51_1 - Sentiment	Q51_1 - Sentiment Score	Q51_1 - Sentiment Polarity	Q51_1 - Topics
0	1	1	2	tech	gaussian	0.0025	euclidean	4	20	5	10	gaussian	0.0025	euclidean	5	15	5	9	gaussian	0.0075	euclidean	4	10	4	10	2019-06-10 08:35:59	2019-06-10 09:43:55	IP Address	134.48.160.169	100.0	4075.0	True	2019-06-10 09:43:55	R_z71d8XYOosfJgl3					43.0388946533	-87.90650177	anonymous	EN	1.0	5.0	1.0	4.0	9.0	3.0	7.0	Mental Demand	Performance	Performance	Temporal Demand	Mental Demand	Frustration	Performance	Performance	Temporal Demand	Temporal Demand	Frustration	Temporal Demand	Effort	Mental Demand	Temporal Demand	Somewhat familiar	Somewhat familiar	Somewhat well	Somewhat well	Somewhat well	Somewhat useless	Neither useful nor useless	Neither useful nor useless	Neither	21.0	No	White		Male		Some college	Unmarried/Single	Part-time employment	Other (please specify)	University	$75,000 to $99,999	No	No	No	Neither agree nor disagree	Somewhat agree	5.0	Neutral	Neutral				
1	2	2	1	none	gaussian	0.005	euclidean	13	11	17	14	gaussian	0.005	euclidean	8	4	12	8	gaussian	0.005	euclidean	10	8	19	9	2019-06-11 07:56:27	2019-06-11 08:19:29	IP Address	134.48.161.64	100.0	1381.0	True	2019-06-11 08:19:29	R_1pE73w0ou8Dz2ms					43.0388946533	-87.90650177	anonymous	EN	2.0	8.0	1.0	3.0	1.0	1.0	2.0	Mental Demand	Performance	Performance	Temporal Demand	Effort	Physical Demand	Performance	Performance	Temporal Demand	Temporal Demand	Effort	Performance	Effort	Mental Demand	Temporal Demand	Very unfamiliar	Somewhat unfamiliar	Somewhat poorly	Neither well nor poorly	Neither well nor poorly	Neither useful nor useless	Somewhat useful	Somewhat useful	Neither	24.0	No	White		Female		Some college	Unmarried/Single	Full-time employment	For-profit company or business		$75,000 to $99,999	Yes	Yes	Yes	Somewhat agree	Somewhat disagree	2.0	Somewhat Libertarian	Somewhat fiscally conservative	Neutral	0.0	0.0	Unknown
2	3	3	1	none	gaussian	0.005	euclidean	10	24	50	65	gaussian	0.005	euclidean	3	10	50	65	gaussian	0.005	euclidean	3	10	50	65	2019-06-10 09:57:33	2019-06-10 12:01:26	IP Address	134.48.163.139	100.0	7432.0	True	2019-06-10 12:01:27	R_1GJR7iLMMxsnBst					43.0388946533	-87.90650177	anonymous	EN	3.0	13.0	3.0	1.0	14.0	12.0	7.0	Mental Demand	Performance	Mental Demand	Frustration	Mental Demand	Frustration	Performance	Performance	Effort	Temporal Demand	Effort	Performance	Effort	Mental Demand	Mental Demand	Somewhat familiar	Very unfamiliar	Very poorly	Very poorly	Neither well nor poorly	Very useless	Very useless	Very useless	Neither	34.0	No	White		Male		Bachelor's degree	Unmarried/Single	Full-time employment	Non-profit, tax-exempt, or charitable organization		$35,000 to $49,999	No	Yes	Yes	Agree	Somewhat agree	9.0	Authoritarian	Fiscally conservative	Neutral	0.0	0.0	Unknown
3	4	4	1	none	linear	0.005	euclidean	5	15	8	15	linear	0.005	euclidean	8	20	20	30	linear	0.005	euclidean	12	18	30	40	2019-06-10 15:20:03	2019-06-10 15:51:45	IP Address	134.48.163.130	100.0	1902.0	True	2019-06-10 15:51:45	R_39lrOHBpYe0nWyR					43.0388946533	-87.90650177	anonymous	EN	4.0	14.0	0.0	7.0	13.0	10.0	1.0	Mental Demand	Performance	Mental Demand	Frustration	Effort	Frustration	Effort	Performance	Effort	Temporal Demand	Effort	Performance	Effort	Frustration	Mental Demand	Somewhat unfamiliar	Very unfamiliar	Somewhat poorly	Somewhat poorly	Somewhat poorly	Somewhat useful	Neither useful nor useless	Somewhat useful	Aldermanic	21.0	No	White		Female		Bachelor's degree	Unmarried/Single	Student	For-profit company or business		Less than $25,000	No	No	No	Agree	Agree	5.0	Neutral	Somewhat fiscally conservative	Neutral	0.0	0.0	Unknown
4	5	6	1	none	gaussian	0.005	euclidean	9	16	19	13	gaussian	0.005	euclidean	6	9	9	13	gaussian	0.005	euclidean	13	20	13	26	2019-06-11 08:35:58	2019-06-11 09:25:49	IP Address	134.48.162.67	100.0	2991.0	True	2019-06-11 09:25:50	R_OIHbQcaTfMWABkR					43.0388946533	-87.90650177	anonymous	EN	6.0	12.0	3.0	6.0	3.0	9.0	16.0	Mental Demand	Performance	Performance	Temporal Demand	Mental Demand	Frustration	Performance	Performance	Effort	Temporal Demand	Frustration	Performance	Effort	Mental Demand	Mental Demand	Somewhat unfamiliar	Somewhat unfamiliar	Somewhat poorly	Somewhat well	Somewhat well	Somewhat useless	Somewhat useless	Neither useful nor useless	Neither	27.0	No	White		Female		Bachelor's degree	Unmarried/Single	Student	Non-profit, tax-exempt, or charitable organization		$25,000 to $34,999	Yes	Yes	Yes	Agree	Somewhat agree	1.0	Somewhat Authoritarian	Somewhat fiscally conservative	Neutral	0.0	0.0	Unknown
5	6	7	1	none	tophat	0.005	manhattan	50	90	50	55	epanechnikov	0.0075	manhattan	60	90	35	45	tophat	0.0075	manhattan	125	175	40	60	2019-06-11 13:55:56	2019-06-11 14:17:20	IP Address	134.48.162.132	100.0	1283.0	True	2019-06-11 14:17:21	R_2fIn07Me4QPjxwl					43.0388946533	-87.90650177	anonymous	EN	7.0	10.0	0.0	4.0	8.0	7.0	6.0	Mental Demand	Performance	Performance	Temporal Demand	Effort	Frustration	Performance	Performance	Temporal Demand	Temporal Demand	Effort	Performance	Effort	Mental Demand	Mental Demand	Somewhat familiar	Somewhat familiar	Neither well nor poorly	Neither well nor poorly	Somewhat well	Neither useful nor useless	Somewhat useful	Somewhat useful	Both	20.0	No	White		Female		Currently enrolled in college	Unmarried/Single	Part-time employment	For-profit company or business		$150,000 or more	Yes	No	Yes	Strongly agree	Agree	5.0	Somewhat Libertarian	Neutral	Neutral	0.0	0.0	Unknown
6	7	8	2	tech	gaussian	0.005	euclidean	40	55	20	30	gaussian	0.005	euclidean	23	30	34	40	gaussian	0.005	euclidean	28	38	49	59	2019-06-11 09:38:58	2019-06-11 11:47:25	IP Address	134.48.162.67	100.0	7706.0	True	2019-06-11 11:47:25	R_3D8uF3dapdAECPg					43.0388946533	-87.90650177	anonymous	EN	8.0	10.0	1.0	3.0	12.0	9.0	1.0	Mental Demand	Performance	Mental Demand	Temporal Demand	Effort	Frustration	Effort	Performance	Effort	Temporal Demand	Effort	Temporal Demand	Effort	Mental Demand	Mental Demand	Somewhat familiar	Somewhat familiar	Somewhat poorly	Somewhat poorly	Very well	Very useless	Very useless	Somewhat useful	Neither	21.0	No	White		Male		Currently enrolled in college	Unmarried/Single	Student	Not currently employed		$50,000 to $74,999	No	No	No	Somewhat agree	Neither agree nor disagree	5.0	Somewhat Libertarian	Fiscally conservative	Neutral	0.0	0.0	Unknown
7	8	10	1	none	gaussian	0.005	euclidean	6	12	9	14	tophat	0.0075	manhattan	7	13	5	11	epacnechnikov	0.01	chebyshev	4	7	4	7	2019-06-11 14:30:41	2019-06-11 15:57:38	IP Address	134.48.162.132	100.0	5216.0	True	2019-06-11 15:57:39	R_qR9K3hP8MfD1miB					43.0388946533	-87.90650177	anonymous	EN	10.0	5.0	0.0	0.0	15.0	5.0	0.0	Mental Demand	Performance	Mental Demand	Temporal Demand	Mental Demand	Frustration	Effort	Performance	Effort	Temporal Demand	Effort	Temporal Demand	Effort	Mental Demand	Mental Demand	Very unfamiliar	Somewhat familiar	Very poorly	Neither well nor poorly	Neither well nor poorly	Neither useful nor useless	Neither useful nor useless	Neither useful nor useless	Neither	26.0	No	White		Male		Bachelor's degree	Unmarried/Single	Full-time employment	For-profit company or business		$50,000 to $74,999	No	No	No	Somewhat agree	Somewhat agree	7.0	Libertarian	Fiscally conservative	Neutral	0.0	0.0	Unknown
8	9	11	1	none	gaussian	0.005	euclidean	10	18	6	10	gaussian	0.0075	euclidean	5	9	6	8	gaussian	0.0075	euclidean	4	8	4	6	2019-06-10 17:52:44	2019-06-11 11:06:14	IP Address	134.48.163.130	100.0	62009.0	True	2019-06-11 11:06:14	R_2RWwPbgJHuGwNig					43.0388946533	-87.90650177	anonymous	EN	11.0	4.0	1.0	10.0	14.0	9.0	1.0	Physical Demand	Performance	Mental Demand	Temporal Demand	Effort	Physical Demand	Effort	Performance	Effort	Physical Demand	Effort	Performance	Effort	Mental Demand	Mental Demand	Somewhat unfamiliar	Somewhat unfamiliar	Somewhat poorly	Somewhat poorly	Somewhat poorly	Somewhat useful	Somewhat useful	Somewhat useful	Aldermanic	21.0	Yes	White,Native American or First Nations		Male		Currently enrolled in college	Unmarried/Single	Student	Other (please specify)	Private Lutheran Elementary School 	$150,000 or more	Yes	Yes	Yes	Somewhat disagree	Somewhat disagree	2.0	Somewhat Libertarian	Somewhat fiscally Liberal	Positive	1.0	0.0	Unknown
9	10	12	1	none	gaussian	0.005	euclidean	17	50	5	30	gaussian	0.005	euclidean	10	18	5	15	gaussian	0.005	euclidean	20	50	5	30	2019-06-11 11:27:34	2019-06-11 12:05:18	IP Address	134.48.163.130	100.0	2264.0	True	2019-06-11 12:05:19	R_2pWzgUlbVfwLFg9					43.0388946533	-87.90650177	anonymous	EN	12.0	14.0	1.0	1.0	5.0	12.0	13.0	Mental Demand	Frustration	Mental Demand	Frustration	Effort	Frustration	Effort	Performance	Effort	Temporal Demand	Frustration	Performance	Effort	Frustration	Mental Demand	Somewhat unfamiliar	Very unfamiliar	Very poorly	Somewhat well	Neither well nor poorly	Very useless	Very useful	Somewhat useful	Neither	23.0	No	White		Male		Some college	Unmarried/Single	Student	Other (please specify)	Craigslist	$75,000 to $99,999	No	No	Yes	Somewhat disagree	Somewhat disagree	5.0	Neutral	Neutral	Neutral	0.0	0.0	Unknown
10	11	13	1	none	gaussian	0.005	euclidean	20	28	20	28	gaussian	0.005	euclidean	12	26	12	26	gaussian	0.005	euclidean	15	48	15	48	2019-06-11 12:13:31	2019-06-11 13:40:46	IP Address	134.48.163.217	100.0	5235.0	True	2019-06-11 13:40:47	R_TcjMs50YCayuenD					43.0388946533	-87.90650177	anonymous	EN	13.0	12.0	4.0	7.0	10.0	12.0	7.0	Mental Demand	Performance	Mental Demand	Frustration	Effort	Frustration	Performance	Performance	Effort	Temporal Demand	Effort	Performance	Effort	Mental Demand	Mental Demand	Somewhat familiar	Somewhat unfamiliar	Somewhat poorly	Neither well nor poorly	Very poorly	Neither useful nor useless	Neither useful nor useless	Neither useful nor useless	Neither	34.0	No	White		Male		Bachelor's degree	Unmarried/Single	Self-employed	Other (please specify)	Journalism	$25,000 to $34,999	No	No	No	Somewhat agree	Neither agree nor disagree	4.0	Somewhat Libertarian	Somewhat fiscally conservative	Neutral	0.0	0.0	Unknown
11	12	14	1	none	linear	0.005	euclidean	25	35	7	15	gaussian	0.005	euclidean	35	40	7	10	gaussian	0.005	euclidean	40	50	10	12	2019-06-17 08:26:36	2019-06-17 09:31:31	IP Address	134.48.163.210	100.0	3894.0	True	2019-06-17 09:31:32	R_2AGqyHIioluuMkK					43.0388946533	-87.90650177	anonymous	EN	14.0	4.0	0.0	2.0	2.0	4.0	0.0	Mental Demand	Performance	Mental Demand	Temporal Demand	Mental Demand	Frustration	Effort	Performance	Temporal Demand	Temporal Demand	Effort	Temporal Demand	Effort	Mental Demand	Mental Demand	Very unfamiliar	Very unfamiliar	Very poorly	Very poorly	Very poorly	Somewhat useless	Somewhat useless	Somewhat useless	Neither	21.0	Yes	White		Female		Currently enrolled in college	Unmarried/Single	Part-time employment	For-profit company or business		$50,000 to $74,999	No	Yes	No	Somewhat disagree	Strongly agree	5.0	Somewhat Libertarian	Fiscally conservative	Positive	1.0	0.0	Unknown
12	13	15	1	none	gaussian	0.005	euclidean	5	25	4	10	gaussian	0.005	euclidean	3	6	4	7	gaussian	0.005	euclidean	2	6	3	6	2019-06-13 14:11:40	2019-06-13 14:35:25	IP Address	134.48.160.177	100.0	1424.0	True	2019-06-13 14:35:25	R_3phYVOAEJOTHViW					43.0388946533	-87.90650177	anonymous	EN	15.0	7.0	1.0	5.0	12.0	6.0	9.0	Mental Demand	Performance	Mental Demand	Temporal Demand	Effort	Frustration	Effort	Performance	Effort	Temporal Demand	Effort	Performance	Effort	Mental Demand	Mental Demand	Somewhat unfamiliar	Somewhat unfamiliar	Very poorly	Very poorly	Neither well nor poorly	Neither useful nor useless	Neither useful nor useless	Somewhat useful	Neither	20.0	No	White,Black or African American		Female		Some college	Unmarried/Single	Student	Not currently employed		Less than $25,000	No	No	Yes	Agree	Somewhat agree	2.0	Somewhat Libertarian	Fiscally Liberal	Neutral	0.0	0.0	Unknown
13	14	16	3	professional	gaussian	0.005	euclidean	10	16	15	25	gaussian	0.005	euclidean	16	22	22	25	gaussian	0.005	euclidean	11	28	6	10	2019-06-11 16:30:23	2019-06-11 16:48:35	IP Address	134.48.163.130	100.0	1091.0	True	2019-06-11 16:48:36	R_1QykFb71ay9clXB					43.0388946533	-87.90650177	anonymous	EN	16.0	8.0	0.0	6.0	12.0	12.0	8.0	Mental Demand	Performance	Performance	Temporal Demand	Mental Demand	Frustration	Performance	Performance	Temporal Demand	Temporal Demand	Effort	Temporal Demand	Effort	Mental Demand	Temporal Demand	Somewhat familiar	Somewhat familiar	Somewhat poorly	Somewhat poorly	Neither well nor poorly	Neither useful nor useless	Neither useful nor useless	Somewhat useful	Both	25.0	No	White		Female		Doctorate degree	Unmarried/Single	Full-time employment	Government (including law enforcement)		$50,000 to $74,999	No	Yes	No	Somewhat agree	Agree	1.0	Libertarian	Somewhat fiscally Liberal	Positive	1.0	0.0	Unknown
14	15	17	1	none	gaussian	0.0075	manhattan	9	21	6	13	linear	0.005	manhattan	5	15	5	9	tophat	0.01	manhattan	4	10	6	11	2019-06-12 12:18:17	2019-06-12 13:23:56	IP Address	134.48.163.130	100.0	3939.0	True	2019-06-12 13:23:57	R_1DTrN9ipAkw1en1					43.0388946533	-87.90650177	anonymous	EN	17.0	4.0	1.0	2.0	17.0	4.0	1.0	Mental Demand	Frustration	Mental Demand	Frustration	Effort	Frustration	Effort	Performance	Effort	Temporal Demand	Frustration	Temporal Demand	Effort	Mental Demand	Mental Demand	Neutral	Very familiar	Somewhat poorly	Somewhat poorly	Somewhat well	Neither useful nor useless	Neither useful nor useless	Very useful	Both	21.0	No	White		Female		Currently enrolled in college	Unmarried/Single	Student	For-profit company or business		Less than $25,000	Yes	No	No	Somewhat disagree	Somewhat disagree	1.0	Somewhat Libertarian	Somewhat fiscally conservative	Negative	-1.0	0.0	Unknown
15	16	18	1	none	gaussian	0.005	euclidean	3	9	3	12	gaussian	0.005	euclidean	2	6	4	8	gaussian	0.005	euclidean	2	5	2	6	2019-06-12 13:37:15	2019-06-12 15:52:48	IP Address	134.48.161.65	100.0	8133.0	True	2019-06-12 15:52:49	R_POPKcrBO7t5gNMd					43.0388946533	-87.90650177	anonymous	EN	18.0	7.0	2.0	3.0	17.0	3.0	2.0	Mental Demand	Performance	Performance	Temporal Demand	Effort	Frustration	Effort	Performance	Effort	Temporal Demand	Effort	Performance	Effort	Mental Demand	Mental Demand	Somewhat familiar	Somewhat familiar	Neither well nor poorly	Somewhat poorly	Very poorly	Neither useful nor useless	Neither useful nor useless	Somewhat useless	Neither	27.0	No	White		Male		Bachelor's degree	Unmarried/Single	Full-time employment	Government (including law enforcement)		$50,000 to $74,999	No	No	No	Somewhat agree	Somewhat agree	4.0	Libertarian	Fiscally conservative	Neutral	0.0	0.0	Unknown
16	17	19	1	none	gaussian	0.005	euclidean	3	27	4	10	gaussian	0.005	euclidean	3	47	2	15	gaussian	0.005	euclidean	14	50	25	50	2019-06-12 10:22:53	2019-06-12 12:00:30	IP Address	134.48.162.192	100.0	5856.0	True	2019-06-12 12:00:30	R_bKiR7fpnCQ5yhyx					43.0388946533	-87.90650177	anonymous	EN	19.0	10.0	0.0	3.0	12.0	15.0	2.0	Mental Demand	Performance	Mental Demand	Temporal Demand	Effort	Physical Demand	Performance	Performance	Effort	Temporal Demand	Effort	Performance	Effort	Mental Demand	Mental Demand	Very unfamiliar	Very unfamiliar	Very poorly	Somewhat poorly	Somewhat poorly	Somewhat useful	Very useful	Very useful	Both	21.0	No	White		Female		Currently enrolled in college	Unmarried/Single	Part-time employment	For-profit company or business		Less than $25,000	Yes	No	No	Somewhat agree	Agree	5.0	Somewhat Authoritarian	Neutral	Positive	1.0	0.0	Unknown
17	18	20	1	none	epanechnikov	0.005	euclidean	130	165	25	40	epanechnikov	0.005	euclidean	250	290	40	50	epacnechnikov	0.005	euclidean	450	600	50	60	2019-06-12 12:11:31	2019-06-12 13:22:32	IP Address	134.48.162.192	100.0	4261.0	True	2019-06-12 13:22:33	R_3dYfCJAEomRZ7ke					43.0388946533	-87.90650177	anonymous	EN	20.0	8.0	1.0	0.0	11.0	7.0	3.0	Mental Demand	Frustration	Mental Demand	Temporal Demand	Mental Demand	Frustration	Effort	Performance	Effort	Temporal Demand	Effort	Temporal Demand	Effort	Mental Demand	Mental Demand	Very unfamiliar	Very unfamiliar	Very poorly	Neither well nor poorly	Very well	Very useless	Somewhat useful	Somewhat useful	Neither	21.0	No	White		Female		Currently enrolled in college	Unmarried/Single	Student	Other (please specify)	University	$150,000 or more	No	Yes	Yes	Somewhat agree	Somewhat agree	4.0	Somewhat Libertarian	Somewhat fiscally conservative	Neutral	0.0	0.0	Unknown
18	19	22	1	none	gaussian	0.005	euclidean	3	9	20	50	gaussian	0.005	euclidean	4	8	28	35	gaussian	0.005	euclidean	3	7	25	50	2019-06-12 08:52:39	2019-06-12 09:54:19	IP Address	134.48.162.192	100.0	3699.0	True	2019-06-12 09:54:20	R_tQCXSF4ZwGtxcSl					43.0388946533	-87.90650177	anonymous	EN	22.0	10.0	1.0	1.0	7.0	5.0	4.0	Mental Demand	Performance	Mental Demand	Frustration	Mental Demand	Frustration	Effort	Performance	Effort	Temporal Demand	Effort	Performance	Effort	Mental Demand	Mental Demand	Very unfamiliar	Very unfamiliar	Very poorly	Neither well nor poorly	Neither well nor poorly	Neither useful nor useless	Neither useful nor useless	Neither useful nor useless	Neither	21.0	No	White		Male		High school diploma or GED	Unmarried/Single	Full-time employment	For-profit company or business		$75,000 to $99,999	Yes	No	Yes	Somewhat agree	Agree	5.0	Neutral	Highly fiscally conservative	Neutral	0.0	0.0	Unknown
19	20	23	1	none	gaussian	0.005	euclidean	3	10	5	12	gaussian	0.005	euclidean	5	12	7	15	gaussian	0.005	euclidean	7	15	10	18	2019-06-13 12:41:58	2019-06-13 13:18:29	IP Address	134.48.162.192	100.0	2190.0	True	2019-06-13 13:18:29	R_2Qyc4HLaSkcohQF					43.0388946533	-87.90650177	anonymous	EN	23.0	5.0	1.0	3.0	13.0	3.0	1.0	Mental Demand	Performance	Mental Demand	Temporal Demand	Mental Demand	Frustration	Effort	Performance	Effort	Temporal Demand	Effort	Performance	Effort	Mental Demand	Mental Demand	Somewhat unfamiliar	Very unfamiliar	Very poorly	Very poorly	Very poorly	Somewhat useless	Somewhat useful	Neither useful nor useless	MPD	21.0	No	East Asian		Female		Currently enrolled in college	Unmarried/Single	Student	For-profit company or business		$25,000 to $34,999	No	No	No	Somewhat agree	Somewhat agree	5.0	Neutral	Neutral	Neutral	0.0	0.0	Unknown
20	21	24	1	none	gaussian	0.005	euclidean	6	8	10	16	gaussian	0.005	euclidean	4	5	4	5	gaussian	0.005	euclidean	3	5	6	8	2019-06-13 13:36:41	2019-06-13 15:52:57	IP Address	134.48.162.192	100.0	8176.0	True	2019-06-13 15:52:58	R_2B5O3sl8WZdNr1q					43.0388946533	-87.90650177	anonymous	EN	24.0	1.0	1.0	1.0	14.0	1.0	1.0	Mental Demand	Performance	Performance	Frustration	Effort	Frustration	Performance	Physical Demand	Effort	Temporal Demand	Effort	Performance	Physical Demand	Mental Demand	Temporal Demand	Very unfamiliar	Neutral	Very poorly	Somewhat well	Somewhat poorly	Very useless	Somewhat useful	Somewhat useless	Neither	21.0	No	White		Male		Some college	Unmarried/Single	Retired	Government (including law enforcement)		Less than $25,000	Yes	No	Yes	Somewhat agree	Agree	8.0	Libertarian	Highly fiscally conservative	Positive	1.0	0.0	Unknown
21	22	25	1	none	gaussian	0.005	euclidean	5	16	9	17	gaussian	0.005	euclidean	7	14	9	15	gaussian	0.005	euclidean	4	13	5	18	2019-06-14 13:50:04	2019-06-14 14:32:16	IP Address	134.48.162.192	100.0	2531.0	True	2019-06-14 14:32:16	R_083YJWBNjWzjmPn					43.0388946533	-87.90650177	anonymous	EN	25.0	8.0	2.0	4.0	17.0	10.0	18.0	Mental Demand	Frustration	Mental Demand	Frustration	Mental Demand	Frustration	Effort	Performance	Effort	Temporal Demand	Effort	Performance	Effort	Mental Demand	Mental Demand	Neutral	Somewhat unfamiliar	Very poorly	Very poorly	Very poorly	Somewhat useful	Neither useful nor useless	Somewhat useful	Neither	23.0	No	White		Female		Currently enrolled in college	Unmarried/Single	Student	For-profit company or business		Less than $25,000	No	No	No	Strongly agree	Somewhat agree	0.0	Somewhat Libertarian	Somewhat fiscally conservative	Neutral	0.0	0.0	Unknown
22	23	26	1	none	linear	0.005	euclidean	50	70	40	60	linear	0.005	euclidean	60	75	25	35	linear	0.005	euclidean	75	95	45	55	2019-06-17 07:53:25	2019-06-17 08:09:46	IP Address	134.48.163.210	100.0	980.0	True	2019-06-17 08:09:47	R_2R7IAUT1XOhOjxP					43.0388946533	-87.90650177	anonymous	EN	26.0	7.0	1.0	8.0	11.0	5.0	1.0	Mental Demand	Performance	Mental Demand	Temporal Demand	Effort	Frustration	Effort	Performance	Effort	Temporal Demand	Effort	Temporal Demand	Effort	Mental Demand	Mental Demand	Very unfamiliar	Very unfamiliar	Very poorly	Neither well nor poorly	Neither well nor poorly	Neither useful nor useless	Neither useful nor useless	Neither useful nor useless	Neither	21.0	No	East Asian		Female		Currently enrolled in college	Unmarried/Single	Student	For-profit company or business		$75,000 to $99,999	No	No	No	Agree	Agree	2.0	Somewhat Authoritarian	Somewhat fiscally Liberal	Positive	1.0	0.0	Unknown
23	24	27	1	none	gaussian	0.005	euclidean	10	20	20	30	linear	0.005	euclidean	15	25	10	20	tophat	0.005	euclidean	5	10	5	10	2019-06-17 12:43:35	2019-06-17 13:17:49	IP Address	134.48.163.210	100.0	2054.0	True	2019-06-17 13:17:49	R_25ZoDRKUz5HAopO					43.0388946533	-87.90650177	anonymous	EN	27.0	7.0	1.0	1.0	5.0	7.0	1.0	Mental Demand	Performance	Mental Demand	Temporal Demand	Mental Demand	Physical Demand	Effort	Performance	Temporal Demand	Temporal Demand	Effort	Temporal Demand	Effort	Mental Demand	Mental Demand	Very unfamiliar	Somewhat unfamiliar	Very poorly	Very poorly	Somewhat poorly	Neither useful nor useless	Neither useful nor useless	Somewhat useful	Neither	21.0	Yes	White		Female		Currently enrolled in college	Unmarried/Single	Student	Not currently employed		$35,000 to $49,999	No	Yes	No	Somewhat agree	Somewhat agree	3.0	Somewhat Libertarian	Somewhat fiscally Liberal	Neutral	0.0	0.0	Unknown
24	25	28	1	none	gaussian	0.005	euclidean	9	13	3	5	tophat	0.005	euclidean	6	10	4	5	epacnechnikov	0.0075	euclidean	4	6	4	5	2019-06-17 15:23:36	2019-06-17 17:18:54	IP Address	134.48.162.239	100.0	6917.0	True	2019-06-17 17:18:54	R_2rYmyI8N9W5Mkmh					43.0388946533	-87.90650177	anonymous	EN	28.0	3.0	1.0	10.0	18.0	2.0	1.0	Mental Demand	Performance	Mental Demand	Temporal Demand	Effort	Frustration	Effort	Performance	Temporal Demand	Temporal Demand	Frustration	Performance	Effort	Mental Demand	Mental Demand	Very unfamiliar	Somewhat unfamiliar	Somewhat poorly	Somewhat poorly	Somewhat well	Somewhat useful	Neither useful nor useless	Neither useful nor useless	Neither	28.0	Yes	White,Central American Native, South American Native, Chicano, or Mestizo		Female		Bachelor's degree	Unmarried/Single	Part-time employment	For-profit company or business		Less than $25,000	No	No	Yes	Agree	Neither agree nor disagree	1.0	Somewhat Authoritarian	Somewhat fiscally Liberal	Neutral	0.0	0.0	Unknown
25	26	29	1	none	gaussian	0.005	euclidean	50	80	12	23	gaussian	0.005	euclidean	50	70	8	15	gaussian	0.005	euclidean	80	120	12	30	2019-06-18 12:57:07	2019-06-18 13:14:38	IP Address	134.48.163.210	100.0	1050.0	True	2019-06-18 13:14:38	R_1nPBFVGIaXYiv1A					43.0388946533	-87.90650177	anonymous	EN	29.0	11.0	1.0	8.0	9.0	7.0	12.0	Mental Demand	Performance	Mental Demand	Frustration	Effort	Frustration	Effort	Performance	Effort	Temporal Demand	Effort	Performance	Effort	Mental Demand	Mental Demand	Somewhat familiar	Somewhat familiar	Somewhat poorly	Somewhat poorly	Neither well nor poorly	Somewhat useful	Somewhat useful	Somewhat useful	Both	21.0	No	White		Female		Currently enrolled in college	Unmarried/Single	Student	For-profit company or business		$150,000 or more	Yes	No	Yes	Agree	Neither agree nor disagree	1.0	Somewhat Authoritarian	Somewhat fiscally Liberal	Neutral	0.0	0.0	Unknown
26	27	30	1	none	gaussian	0.005	euclidean	5	8	23	40	gaussian	0.005	euclidean	7	10	13	19	gaussian	0.005	euclidean	8	15	9	18	2019-06-18 10:23:06	2019-06-18 10:49:00	IP Address	134.48.163.210	100.0	1553.0	True	2019-06-18 10:49:01	R_27882mSrjxTnpZA					43.0388946533	-87.90650177	anonymous	EN	30.0	13.0	2.0	10.0	11.0	13.0	15.0	Mental Demand	Frustration	Mental Demand	Temporal Demand	Effort	Frustration	Effort	Performance	Temporal Demand	Temporal Demand	Effort	Temporal Demand	Effort	Mental Demand	Mental Demand	Somewhat familiar	Somewhat unfamiliar	Neither well nor poorly	Somewhat well	Very well	Very useful	Somewhat useful	Very useful	Neither	20.0	No	White		Female		Currently enrolled in college	Unmarried/Single	Student	Not currently employed		Less than $25,000	No	Yes	Yes	Somewhat agree	Somewhat disagree	5.0	Neutral	Fiscally Liberal	Neutral	0.0	0.0	Unknown
27	28	31	1	none	gaussian	0.005	euclidean	10	15	10	15	gaussian	0.005	euclidean	8	15	10	15	gaussian	0.005	euclidean	10	20	15	30	2019-06-18 15:13:51	2019-06-18 15:54:12	IP Address	134.48.163.210	100.0	2420.0	True	2019-06-18 15:54:12	R_1d6av4naxbHCYF9					43.0388946533	-87.90650177	anonymous	EN	31.0	12.0	3.0	2.0	7.0	10.0	6.0	Mental Demand	Frustration	Performance	Frustration	Mental Demand	Frustration	Effort	Performance	Effort	Temporal Demand	Frustration	Performance	Effort	Mental Demand	Mental Demand	Somewhat unfamiliar	Somewhat unfamiliar	Very poorly	Somewhat poorly	Somewhat well	Somewhat useless	Somewhat useless	Somewhat useful	MPD	30.0	No	White		Female		Bachelor's degree	Unmarried/Single	Part-time employment	Non-profit, tax-exempt, or charitable organization		Less than $25,000	No	Yes	Yes	Disagree	Disagree	0.0	Libertarian	Fiscally Liberal	Neutral	0.0	0.0	Unknown
28	29	32	2	tech	gaussian	0.005	euclidean	11	17	49	57	gaussian	0.005	euclidean	8	17	53	60	gaussian	0.005	euclidean	11	14	36	49	2019-06-19 14:53:48	2019-06-19 15:48:26	IP Address	134.48.163.210	100.0	3277.0	True	2019-06-19 15:48:26	R_1GJykBYz6mLfuG5					43.0388946533	-87.90650177	anonymous	EN	32.0	9.0	1.0	5.0	14.0	7.0	2.0	Mental Demand	Performance	Mental Demand	Temporal Demand	Mental Demand	Frustration	Performance	Performance	Temporal Demand	Temporal Demand	Frustration	Performance	Effort	Mental Demand	Mental Demand	Somewhat familiar	Very unfamiliar	Neither well nor poorly	Somewhat well	Somewhat well	Neither useful nor useless	Neither useful nor useless	Neither useful nor useless	Neither	21.0	No	White		Female		Currently enrolled in college	Unmarried/Single	Part-time employment	Government (including law enforcement)		Less than $25,000	Yes	No	Yes	Agree	Agree	3.0	Somewhat Libertarian	Somewhat fiscally conservative	Neutral	0.0	0.0	Unknown
29	30	34	2	tech	gaussian	0.005	euclidean	12	15	60	80	gaussian	0.005	euclidean	10	15	20	25	gaussian	0.005	euclidean	7	10	15	25	2019-06-18 10:59:45	2019-06-19 10:56:31	IP Address	134.48.162.239	100.0	86205.0	True	2019-06-19 10:56:31	R_1kHA3JGi0mkZRVT					43.0388946533	-87.90650177	anonymous	EN	34.0	8.0	1.0	0.0	14.0	8.0	0.0	Mental Demand	Performance	Mental Demand	Temporal Demand	Effort	Physical Demand	Effort	Performance	Effort	Temporal Demand	Effort	Performance	Effort	Mental Demand	Mental Demand	Somewhat familiar	Very familiar	Somewhat poorly	Somewhat poorly	Somewhat well	Neither useful nor useless	Neither useful nor useless	Neither useful nor useless	Neither	20.0	Yes	White		Female		Currently enrolled in college	Unmarried/Single	Part-time employment	Non-profit, tax-exempt, or charitable organization		Less than $25,000	Yes	Yes	Yes	Agree	Somewhat agree	4.0	Neutral	Somewhat fiscally Liberal	Positive	1.0	0.0	Unknown
30	31	37	1	none	gaussian	0.005	euclidean	30	45	45	55	gaussian	0.005	euclidean	20	30	8	12	gaussian	0.005	euclidean	35	50	15	25	2019-06-19 16:30:38	2019-06-19 16:59:03	IP Address	134.48.163.210	100.0	1704.0	True	2019-06-19 16:59:03	R_3scqfgmHXlKXP1y					43.0388946533	-87.90650177	anonymous	EN	37.0	3.0	0.0	1.0	8.0	4.0	12.0	Mental Demand	Performance	Mental Demand	Temporal Demand	Mental Demand	Frustration	Effort	Performance	Effort	Temporal Demand	Effort	Performance	Effort	Mental Demand	Mental Demand	Very unfamiliar	Very unfamiliar	Very poorly	Somewhat poorly	Somewhat poorly	Neither useful nor useless	Neither useful nor useless	Neither useful nor useless	Neither	21.0	No	South Asian		Female		Currently enrolled in college	Unmarried/Single	Student	Not currently employed		$100,000 to $149,999	No	No	No	Somewhat agree	Agree	2.0	Somewhat Libertarian	Neutral	Neutral	0.0	0.0	Unknown
31	32	38	1	none	gaussian	0.005	euclidean	15	25	10	20	gaussian	0.005	euclidean	8	25	10	15	gaussian	0.005	euclidean	10	17	5	13	2019-06-19 14:00:34	2019-06-19 14:32:25	IP Address	134.48.163.210	100.0	1910.0	True	2019-06-19 14:32:25	R_1KpVGi6aKQnFcId					43.0388946533	-87.90650177	anonymous	EN	38.0	12.0	1.0	4.0	14.0	4.0	2.0	Mental Demand	Performance	Mental Demand	Frustration	Mental Demand	Frustration	Effort	Performance	Effort	Temporal Demand	Frustration	Performance	Effort	Mental Demand	Mental Demand	Very unfamiliar	Very unfamiliar	Very poorly	Very poorly	Neither well nor poorly	Somewhat useful	Somewhat useful	Somewhat useful	Aldermanic	20.0	No	White		Female		Currently enrolled in college	Unmarried/Single	Part-time employment	Other (please specify)	University	$150,000 or more	Yes	Yes	No	Strongly agree	Strongly agree	5.0	Neutral	Somewhat fiscally conservative	Positive	1.0	0.0	Unknown
32	33	40	1	none	tophat	0.005	manhattan	70	80	30	35	tophat	0.005	manhattan	90	110	40	45	linear	0.01	euclidean	75	85	40	50	2019-06-20 09:51:36	2019-06-20 10:23:17	IP Address	134.48.163.210	100.0	1900.0	True	2019-06-20 10:23:17	R_1d4vf2qTsEYr65S					43.0388946533	-87.90650177	anonymous	EN	40.0	10.0	1.0	2.0	13.0	6.0	3.0	Mental Demand	Performance	Mental Demand	Temporal Demand	Effort	Frustration	Effort	Performance	Effort	Temporal Demand	Effort	Temporal Demand	Effort	Mental Demand	Mental Demand	Very unfamiliar	Very unfamiliar	Very poorly	Somewhat poorly	Somewhat poorly	Somewhat useless	Somewhat useless	Somewhat useless	Aldermanic	26.0	No	White		Male		Master's degree	Unmarried/Single	Unemployed	Not currently employed		Less than $25,000	No	No	No	Neither agree nor disagree	Somewhat agree	2.0	Neutral	Fiscally Liberal	Neutral	0.0	0.0	Unknown
33	34	41	1	none	gaussian	0.005	euclidean	9	11	4	5	gaussian	0.005	euclidean	8	10	4	5	gaussian	0.005	euclidean	5	7	3	4	2019-06-20 13:53:11	2019-06-20 14:39:55	IP Address	134.48.162.239	100.0	2803.0	True	2019-06-20 14:39:56	R_2PwkdfLw6Ma1zOs					43.0388946533	-87.90650177	anonymous	EN	41.0	6.0	7.0	4.0	12.0	8.0	1.0	Mental Demand	Performance	Mental Demand	Temporal Demand	Effort	Physical Demand	Effort	Performance	Effort	Temporal Demand	Effort	Performance	Effort	Mental Demand	Mental Demand	Somewhat familiar	Somewhat familiar	Neither well nor poorly	Somewhat well	Somewhat well	Somewhat useful	Somewhat useful	Somewhat useful	MPD	21.0	No	White		Female		Currently enrolled in college	Unmarried/Single	Full-time employment	For-profit company or business		$75,000 to $99,999	Yes	No	No	Strongly agree	Strongly agree	2.0	Somewhat Libertarian	Somewhat fiscally conservative	Negative	-1.0	0.0	Unknown
34	35	42	2	tech	gaussian	0.005	euclidean	6	9	80	105	gaussian	0.005	euclidean	4	6	80	105	gaussian	0.005	euclidean	2	5	80	105	2019-06-20 16:18:14	2019-06-20 16:40:04	IP Address	134.48.163.210	100.0	1309.0	True	2019-06-20 16:40:04	R_3nNkg92ItRCVIVu					43.0388946533	-87.90650177	anonymous	EN	42.0	12.0	2.0	1.0	18.0	16.0	3.0	Mental Demand	Performance	Performance	Temporal Demand	Mental Demand	Physical Demand	Performance	Performance	Temporal Demand	Temporal Demand	Effort	Performance	Physical Demand	Mental Demand	Temporal Demand	Very familiar	Somewhat familiar	Somewhat well	Somewhat well	Somewhat well	Somewhat useful	Somewhat useful	Very useful	MPD	21.0	No	White		Male		Currently enrolled in college	Unmarried/Single	Part-time employment	For-profit company or business		Less than $25,000	Yes	No	Yes	Strongly agree	Strongly disagree	7.0	Authoritarian	Fiscally conservative	Neutral	0.0	0.0	Unknown
35	36	43	2	tech	gaussian	0.005	euclidean	6	9	9	14	gaussian	0.005	euclidean	5	11	6	10	gaussian	0.005	euclidean	5	9	5	10	2019-06-19 11:33:32	2019-06-20 13:17:55	IP Address	134.48.162.239	100.0	92662.0	True	2019-06-20 13:17:55	R_3oGCuXo9wZ40j10					43.0388946533	-87.90650177	anonymous	EN	43.0	6.0	1.0	4.0	17.0	3.0	1.0	Mental Demand	Performance	Mental Demand	Temporal Demand	Mental Demand	Frustration	Effort	Performance	Effort	Temporal Demand	Effort	Performance	Effort	Mental Demand	Mental Demand	Somewhat familiar	Somewhat familiar	Somewhat poorly	Very well	Somewhat well	Somewhat useless	Very useless	Neither useful nor useless	Neither	44.0	No	White		Male,Transgender male		Master's degree	Divorced	Unemployed	Not currently employed		Less than $25,000	Yes	No	Yes	Somewhat disagree	Disagree	0.0	Somewhat Libertarian	Fiscally Liberal	Neutral	0.0	0.0	Unknown
36	37	44	1	none	gaussian	0.005	euclidean	4	13	5	8	gaussian	0.005	euclidean	5	7	5	7	gaussian	0.005	euclidean	5	7	5	7	2019-06-20 14:53:50	2019-06-21 11:53:31	IP Address	134.48.162.239	100.0	75581.0	True	2019-06-21 11:53:31	R_XXFWiNwRmVrZ36V					43.0388946533	-87.90650177	anonymous	EN	44.0	10.0	0.0	0.0	16.0	1.0	1.0	Mental Demand	Performance	Mental Demand	Temporal Demand	Effort	Frustration	Effort	Performance	Effort	Temporal Demand	Effort	Temporal Demand	Effort	Mental Demand	Mental Demand	Somewhat familiar	Somewhat familiar	Very poorly	Very poorly	Somewhat well	Neither useful nor useless	Neither useful nor useless	Very useful	Neither	30.0	No	White		Male		Bachelor's degree	Unmarried/Single	Full-time employment	For-profit company or business		$35,000 to $49,999	Yes	No	Yes	Agree	Neither agree nor disagree	3.0	Somewhat Libertarian	Somewhat fiscally conservative	Positive	1.0	0.0	Unknown
37	38	47	2	tech	gaussian	0.005	euclidean	6	10	14	20	gaussian	0.005	euclidean	4	7	5	9	gaussian	0.005	euclidean	3	6	4	10	2019-06-24 14:36:21	2019-06-24 14:54:38	IP Address	134.48.162.239	100.0	1096.0	True	2019-06-24 14:54:38	R_ZftJ9HZUtgZrgc1					37.7510070801	-97.8219985962	anonymous	EN	47.0	15.0	3.0	5.0	16.0	6.0	1.0	Mental Demand	Performance	Mental Demand	Temporal Demand	Mental Demand	Frustration	Effort	Performance	Temporal Demand	Temporal Demand	Frustration	Performance	Effort	Mental Demand	Mental Demand	Somewhat unfamiliar	Very unfamiliar	Very poorly	Neither well nor poorly	Somewhat well	Neither useful nor useless	Neither useful nor useless	Somewhat useful	MPD	22.0	No	White		Female		Bachelor's degree	Unmarried/Single	Part-time employment	For-profit company or business		$100,000 to $149,999	Yes	Yes	No	Somewhat agree	Somewhat agree	8.0	Somewhat Authoritarian	Fiscally conservative	Positive	1.0	0.0	Unknown
38	39	48	2	tech	gaussian	0.005	euclidean	15	19	8	13	gaussian	0.005	euclidean	10	13	7	9	gaussian	0.005	euclidean	16	20	6	9	2019-06-24 15:15:45	2019-06-24 15:45:59	IP Address	134.48.162.239	100.0	1813.0	True	2019-06-24 15:46:00	R_1r1YgKs88IkH0aV					37.7510070801	-97.8219985962	anonymous	EN	48.0	12.0	1.0	5.0	14.0	8.0	18.0	Mental Demand	Performance	Performance	Frustration	Effort	Frustration	Effort	Performance	Effort	Temporal Demand	Frustration	Performance	Effort	Mental Demand	Temporal Demand	Very unfamiliar	Neutral	Somewhat poorly	Neither well nor poorly	Somewhat well	Neither useful nor useless	Neither useful nor useless	Somewhat useful	Neither	23.0	No	East Asian		Female		Bachelor's degree	Unmarried/Single	Full-time employment	Other (please specify)	university	Less than $25,000	Yes	No	Yes	Agree	Strongly agree	5.0	Somewhat Libertarian	Somewhat fiscally conservative	Neutral	0.0	0.0	Unknown
39	40	50	3	professional	gaussian	0.005	euclidean	10	15	18	25	gaussian	0.005	euclidean	6	10	6	12	gaussian	0.005	euclidean	5	7	8	12	2019-06-18 13:33:02	2019-06-18 14:40:58	IP Address	134.48.163.210	100.0	4076.0	True	2019-06-18 14:40:59	R_2COhzgiamn4FMjQ					43.0388946533	-87.90650177	anonymous	EN	50.0	3.0	1.0	1.0	12.0	1.0	1.0	Mental Demand	Frustration	Performance	Frustration	Effort	Frustration	Effort	Performance	Temporal Demand	Temporal Demand	Frustration	Temporal Demand	Effort	Mental Demand	Temporal Demand	Somewhat familiar	Neutral	Somewhat poorly	Somewhat poorly	Neither well nor poorly	Somewhat useless	Somewhat useless	Somewhat useful	Neither	30.0	No	White		Female		Currently enrolled in college	Married	Student	Non-profit, tax-exempt, or charitable organization		$50,000 to $74,999	Yes	Yes	No	Strongly agree	Agree	2.0	Somewhat Libertarian	Somewhat fiscally Liberal	Positive	1.0	0.0	Unknown
40	41	51	1	none	gaussian	0.005	euclidean	36	56	15	25	gaussian	0.005	euclidean	25	40	12	20	gaussian	0.005	euclidean	35	50	30	45	2019-06-19 09:07:13	2019-06-19 10:41:02	IP Address	134.48.163.210	100.0	5629.0	True	2019-06-19 10:41:03	R_ZKpiQsInwScKQet					43.0388946533	-87.90650177	anonymous	EN	51.0	4.0	1.0	1.0	16.0	3.0	3.0	Mental Demand	Performance	Performance	Temporal Demand	Effort	Physical Demand	Effort	Performance	Effort	Temporal Demand	Effort	Performance	Effort	Mental Demand	Temporal Demand	Very unfamiliar	Very unfamiliar	Somewhat poorly	Somewhat poorly	Somewhat well	Neither useful nor useless	Neither useful nor useless	Neither useful nor useless	Aldermanic	21.0	No	South Asian		Male		Bachelor's degree	Unmarried/Single	Student	Not currently employed		Less than $25,000	No	No	No	Strongly agree	Somewhat agree	2.0	Somewhat Authoritarian	Fiscally Liberal	Neutral	0.0	0.0	Unknown
41	42	52	1	none	gaussian	0.005	euclidean	11	23	13	16	gaussian	0.005	euclidean	6	10	6	9	gaussian	0.005	euclidean	7	11	6	10	2019-06-21 12:02:39	2019-06-21 12:18:52	IP Address	134.48.162.239	100.0	973.0	True	2019-06-21 12:18:53	R_3HHSsgWgXfq6ZBd					43.0388946533	-87.90650177	anonymous	EN	52.0	3.0	1.0	1.0	15.0	3.0	1.0	Mental Demand	Performance	Mental Demand	Temporal Demand	Mental Demand	Frustration	Performance	Performance	Temporal Demand	Temporal Demand	Effort	Temporal Demand	Effort	Mental Demand	Temporal Demand	Neutral	Somewhat familiar	Somewhat well	Somewhat well	Very well	Somewhat useful	Neither useful nor useless	Somewhat useful	MPD	28.0	No	White		Male		High school diploma or GED	Unmarried/Single	Self-employed	For-profit company or business		$100,000 to $149,999	Yes	No	No	Somewhat agree	Neither agree nor disagree	7.0	Somewhat Authoritarian	Somewhat fiscally conservative	Neutral	0.0	0.0	Unknown
42	43	53	3	professional	gaussian	0.005	euclidean	8	22	18	23	gaussian	0.005	euclidean	10	23	11	25	gaussian	0.005	euclidean	20	40	18	32	2019-07-10 09:22:34	2019-07-10 09:32:39	IP Address	134.48.160.81	100.0	604.0	True	2019-07-10 09:32:39	R_2VQjKAICmWrab7s					37.7510070801	-97.8219985962	anonymous	EN	53.0	14.0	1.0	0.0	15.0	9.0	2.0	Mental Demand	Performance	Mental Demand	Temporal Demand	Mental Demand	Frustration	Performance	Performance	Temporal Demand	Temporal Demand	Effort	Performance	Effort	Mental Demand	Mental Demand	Very familiar	Somewhat familiar	Very poorly	Somewhat poorly	Somewhat poorly	Neither useful nor useless	Neither useful nor useless	Neither useful nor useless	MPD	50.0	No	Black or African American		Female		Master's degree	Divorced	Full-time employment	Other (please specify)	Higher Education (law enforcement)	$150,000 or more	Yes	Yes	No	Agree	Strongly agree	5.0	Neutral	Somewhat fiscally conservative	Negative	-1.0	0.0	Unknown
43	44	54	1	none	gaussian	0.005	euclidean	10	30	10	30	gaussian	0.005	euclidean	4	9	4	9	gaussian	0.005	euclidean	3	15	3	15	2019-07-09 10:21:13	2019-07-09 10:50:32	IP Address	134.48.16.162	100.0	1758.0	True	2019-07-09 10:50:32	R_cXWrUCNk7JYNxex					37.7510070801	-97.8219985962	anonymous	EN	54.0	10.0	0.0	10.0	10.0	1.0	0.0	Mental Demand	Performance	Performance	Temporal Demand	Mental Demand	Frustration	Performance	Performance	Temporal Demand	Temporal Demand	Frustration	Temporal Demand	Effort	Mental Demand	Temporal Demand	Very unfamiliar	Very unfamiliar	Very poorly	Very poorly	Somewhat well	Neither useful nor useless	Neither useful nor useless	Somewhat useful	Both	52.0	No	Black or African American		Male		Some college	Unmarried/Single	Part-time employment	Other (please specify)	education	$25,000 to $34,999	Yes	No	Yes	Strongly disagree	Disagree	0.0	Libertarian	Neutral	Positive	1.0	0.0	Unknown
44	45	55	1	none	gaussian	0.005	euclidean	6	12	3	5	gaussian	0.005	euclidean	0	0	2	6	gaussian	0.005	euclidean	0	0	2	6	2019-07-08 16:06:17	2019-07-08 16:53:16	IP Address	134.48.160.81	100.0	2819.0	True	2019-07-08 16:53:17	R_1jJ2slyCmwbvqKg					37.7510070801	-97.8219985962	anonymous	EN	55.0	5.0	1.0	0.0	19.0	0.0	0.0	Mental Demand	Performance	Mental Demand	Temporal Demand	Mental Demand	Physical Demand	Performance	Performance	Temporal Demand	Temporal Demand	Effort	Temporal Demand	Effort	Mental Demand	Mental Demand	Somewhat familiar	Somewhat familiar	Somewhat well	Somewhat well	Somewhat well	Neither useful nor useless	Neither useful nor useless	Neither useful nor useless	Both	44.0	No	Black or African American		Male		Bachelor's degree	Married	Full-time employment	Government (including law enforcement)		$100,000 to $149,999	No	No	No	Strongly agree	Agree	8.0	Authoritarian	Somewhat fiscally conservative	Neutral	0.0	0.0	Unknown
45	46	56	1	none	gaussian	0.005	euclidean	25	30	25	30	gaussian	0.005	euclidean	15	20	15	20	gaussian	0.005	euclidean	27	30	27	30	2019-07-10 12:48:17	2019-07-10 13:22:09	IP Address	134.48.160.30	100.0	2031.0	True	2019-07-10 13:22:09	R_1r7dGSudUDkd9DF					37.7510070801	-97.8219985962	anonymous	EN	56.0	15.0	2.0	1.0	19.0	10.0	3.0	Mental Demand	Performance	Mental Demand	Temporal Demand	Mental Demand	Physical Demand	Effort	Performance	Effort	Temporal Demand	Effort	Performance	Effort	Mental Demand	Mental Demand	Somewhat familiar	Very familiar	Very poorly	Somewhat well	Very well	Very useless	Very useless	Very useless	Neither	76.0	No	White		Male		Master's degree	Married	Self-employed	For-profit company or business		$50,000 to $74,999	No	No	Yes	Agree	Strongly agree	1.0	Libertarian	Fiscally Liberal	Positive	1.0	0.0	Unknown
46	47	57	1	none	gaussian	0.005	euclidean	12	12	3	5	gaussian	0.005	euclidean	5	6	3	4	gaussian	0.005	euclidean	3	5	3	4	2019-07-08 10:45:21	2019-07-08 11:12:17	IP Address	134.48.160.81	100.0	1615.0	True	2019-07-08 11:12:18	R_3e7TRKnhSbFUZMy					37.7510070801	-97.8219985962	anonymous	EN	57.0	13.0	0.0	0.0	20.0	5.0	0.0	Mental Demand	Performance	Mental Demand	Temporal Demand	Effort	Physical Demand	Performance	Performance	Effort	Physical Demand	Effort	Performance	Effort	Mental Demand	Mental Demand	Very unfamiliar	Somewhat familiar	Somewhat well	Somewhat poorly	Somewhat well	Somewhat useful	Neither useful nor useless	Very useful	Aldermanic	25.0	Yes	Other (please specify)	Mix	Female		Bachelor's degree	Unmarried/Single	Full-time employment	Government (including law enforcement)		$35,000 to $49,999	Yes	No	No	Somewhat agree	Somewhat agree	5.0	Neutral	Neutral	Neutral	0.0	0.0	Unknown
47	48	58	1	none	gaussian	0.005	euclidean	20	50	50	100	gaussian	0.005	euclidean	20	55	20	30	gaussian	0.005	euclidean	20	45	20	35	2019-07-16 13:20:54	2019-07-16 13:55:11	IP Address	107.77.210.22	100.0	2056.0	True	2019-07-16 13:55:11	R_cIVGW53Z5h6sGLT					41.848297119099996	-87.6517028809	anonymous	EN	58.0	16.0	2.0	5.0	10.0	14.0	14.0	Mental Demand	Frustration	Performance	Frustration	Effort	Frustration	Performance	Performance	Temporal Demand	Temporal Demand	Frustration	Temporal Demand	Effort	Frustration	Mental Demand	Neutral	Neutral	Very poorly	Somewhat poorly	Somewhat poorly	Very useless	Very useless	Very useless	Neither	39.0	No	White		Male		Bachelor's degree	Married	Unemployed	Not currently employed		$50,000 to $74,999	No	No	Yes	Agree	Agree	2.0	Somewhat Authoritarian	Neutral	Positive	1.0	0.0	Unknown
48	49	59	3	professional	gaussian	0.005	euclidean	10	20	50	60	gaussian	0.005	euclidean	10	20	50	60	gaussian	0.005	euclidean	8	15	50	60	2019-07-15 14:17:18	2019-07-15 15:20:53	IP Address	134.48.161.59	100.0	3814.0	True	2019-07-15 15:20:53	R_2DTim1lRkgSqKgr					37.7510070801	-97.8219985962	anonymous	EN	59.0	3.0	0.0	1.0	15.0	2.0	2.0	Mental Demand	Performance	Performance	Temporal Demand	Mental Demand	Frustration	Performance	Performance	Effort	Temporal Demand	Effort	Performance	Effort	Mental Demand	Mental Demand	Somewhat familiar	Somewhat familiar	Somewhat poorly	Somewhat well	Somewhat well	Somewhat useless	Somewhat useful	Somewhat useful	MPD	30.0	No	White		Female		Bachelor's degree	Married	Full-time employment	Non-profit, tax-exempt, or charitable organization		$75,000 to $99,999	Yes	No	No	Agree	Agree	2.0	Neutral	Neutral	Negative	-1.0	0.0	Unknown
49	50	60	3	professional	gaussian	0.005	euclidean	4	6	18	24	gaussian	0.005	euclidean	4	6	14	26	gaussian	0.005	euclidean	6	8	30	38	2019-07-15 14:06:12	2019-07-15 15:12:11	IP Address	107.77.208.49	100.0	3958.0	True	2019-07-15 15:12:11	R_vVvzkDZvkzjIQYp					41.8524017334	-87.8844985962	anonymous	EN	60.0	5.0	0.0	0.0	14.0	2.0	4.0	Mental Demand	Performance	Mental Demand	Temporal Demand	Mental Demand	Frustration	Effort	Performance	Temporal Demand	Temporal Demand	Frustration	Temporal Demand	Effort	Mental Demand	Mental Demand	Somewhat familiar	Very unfamiliar	Somewhat poorly	Very poorly	Very poorly	Somewhat useful	Somewhat useful	Somewhat useful	MPD	38.0	Yes	White		Male		Currently enrolled in college	Married	Full-time employment	Government (including law enforcement)		$75,000 to $99,999	Yes	Yes	Yes	Strongly agree	Strongly agree	7.0	Somewhat Authoritarian	Fiscally conservative	Neutral	0.0	0.0	Unknown
50	51	61	3	professional	gaussian	0.005	euclidean	10	18	20	40	gaussian	0.005	euclidean	10	16	16	22	gaussian	0.005	euclidean	18	33	19	36	2019-07-17 11:37:19	2019-07-17 12:31:41	IP Address	134.48.163.158	100.0	3262.0	True	2019-07-17 12:31:42	R_1IB1XMDoZbu0qlC					37.7510070801	-97.8219985962	anonymous	EN	61.0	17.0	2.0	5.0	6.0	7.0	3.0	Mental Demand	Performance	Mental Demand	Frustration	Mental Demand	Frustration	Effort	Performance	Effort	Temporal Demand	Effort	Performance	Effort	Mental Demand	Mental Demand	Somewhat familiar	Very unfamiliar	Very poorly	Somewhat poorly	Somewhat poorly	Neither useful nor useless	Neither useful nor useless	Neither useful nor useless	Neither	42.0	No	White		Female		Master's degree	Unmarried/Single	Unemployed	Not currently employed		Less than $25,000	No	Yes	Yes	Somewhat agree	Somewhat disagree	3.0	Neutral	Somewhat fiscally Liberal	Neutral	0.0	0.0	Unknown
51	52	62	3	professional	gaussian	0.005	euclidean	10	15	15	25	gaussian	0.005	euclidean	5	10	10	15	gaussian	0.005	euclidean	10	15	15	20	2019-07-31 08:33:24	2019-07-31 09:18:00	IP Address	134.48.160.203	100.0	2676.0	True	2019-07-31 09:18:01	R_2aQAgQ4Pgx1kdhp					37.7510070801	-97.8219985962	anonymous	EN	62.0	13.0	4.0	10.0	12.0	11.0	10.0	Mental Demand	Performance	Performance	Temporal Demand	Mental Demand	Frustration	Effort	Performance	Temporal Demand	Temporal Demand	Effort	Temporal Demand	Effort	Mental Demand	Mental Demand	Somewhat familiar	Very unfamiliar	Very poorly	Very poorly	Very poorly	Somewhat useless	Somewhat useless	Somewhat useless	Neither	43.0	No	Native American or First Nations		Female		Bachelor's degree	Divorced	Full-time employment	Other (please specify)	Higher Education (law enforcement)	$75,000 to $99,999	Yes	No	No	Somewhat agree	Agree	4.0	Somewhat Authoritarian	Somewhat fiscally conservative				
52	53	64	2	tech	gaussian	0.005	euclidean	18	25	15	20	gaussian	0.005	manhattan	12	20	10	18	gaussian	0.0075	manhattan	15	22	8	12	2019-08-20 09:14:20	2019-08-20 09:42:44	IP Address	134.48.162.97	100.0	1704.0	True	2019-08-20 09:42:45	R_ueSxXxO6ErNsFc5					43.0406951904	-87.9356994629	anonymous	EN	64.0	7.0	2.0	5.0	12.0	18.0	8.0	Mental Demand	Performance	Mental Demand	Temporal Demand	Mental Demand	Frustration	Performance	Performance	Effort	Temporal Demand	Effort	Performance	Effort	Mental Demand	Mental Demand	Somewhat familiar	Very familiar	Very poorly	Very poorly	Very poorly	Very useless	Very useless	Very useless	MPD	21.0	Yes	Central American Native, South American Native, Chicano, or Mestizo		Female		Currently enrolled in college	Unmarried/Single	Part-time employment	For-profit company or business		$25,000 to $34,999	No	Yes	Yes	Agree	Somewhat agree	2.0	Somewhat Authoritarian	Somewhat fiscally conservative				
53	54	65	2	tech	epanechnikov	0.0075	manhattan	20	40	15	25	gaussian	0.0025	euclidean	20	30	10	20	gaussian	0.0025	euclidean	5	30	5	15	2019-08-21 09:04:12	2019-08-21 09:27:00	IP Address	134.48.162.97	100.0	1367.0	True	2019-08-21 09:27:00	R_z2aotrUc0jnB1Pr					43.0406951904	-87.9356994629	anonymous	EN	65.0	5.0	1.0	1.0	17.0	2.0	0.0	Mental Demand	Performance	Mental Demand	Temporal Demand	Mental Demand	Frustration	Performance	Performance	Temporal Demand	Temporal Demand	Frustration	Temporal Demand	Effort	Frustration	Mental Demand	Very familiar	Somewhat familiar	Very well	Very well	Very well	Very useful	Very useful	Very useful	Both	22.0	No	White,Black or African American,South Asian		Male		Bachelor's degree	Unmarried/Single	Full-time employment	Non-profit, tax-exempt, or charitable organization		$25,000 to $34,999	Yes	Yes	No	Somewhat agree	Disagree	0.0	Neutral	Highly fiscally Liberal				
54	55	63	1	none	gaussian	0.005	euclidean	50	85	50	70	gaussian	0.005	euclidean	50	85	45	70	gaussian	0.005	manhattan	90	120	80	100	2019-08-22 08:08:49	2019-08-22 09:45:14	IP Address	134.48.162.97	100.0	5785.0	True	2019-08-22 09:45:15	R_3foqxnNeNAtEaal					43.0406951904	-87.9356994629	anonymous	EN	63.0	12.0	0.0	8.0	7.0	14.0	13.0	Mental Demand	Frustration	Performance	Frustration	Effort	Frustration	Effort	Performance	Effort	Temporal Demand	Effort	Temporal Demand	Effort	Mental Demand	Mental Demand	Neutral	Very unfamiliar	Somewhat well	Somewhat poorly	Somewhat poorly	Neither useful nor useless	Neither useful nor useless	Neither useful nor useless	Neither	22.0	Yes	White		Female		Bachelor's degree	Unmarried/Single	Full-time employment	Other (please specify)	university 	$75,000 to $99,999	Yes	Yes	No	Agree	Agree	7.0	Somewhat Authoritarian	Somewhat fiscally conservative				
55	56	66	2	tech	gaussian	0.005	euclidean	20	50	15	30	gaussian	0.005	euclidean	15	30	15	20	gaussian	0.005	euclidean	35	50	25	40	2019-08-22 13:56:54	2019-08-22 14:40:31	IP Address	134.48.162.97	100.0	2616.0	True	2019-08-22 14:40:32	R_269KFO2xY7AUgUh					43.0406951904	-87.9356994629	anonymous	EN	66.0	5.0	1.0	1.0	11.0	5.0	3.0	Mental Demand	Performance	Mental Demand	Frustration	Mental Demand	Frustration	Performance	Performance	Effort	Temporal Demand	Frustration	Performance	Effort	Mental Demand	Mental Demand	Somewhat unfamiliar	Somewhat familiar	Somewhat poorly	Neither well nor poorly	Somewhat well	Neither useful nor useless	Neither useful nor useless	Neither useful nor useless	Neither	21.0	No	White		Female		Currently enrolled in college	Unmarried/Single	Student	Not currently employed		$75,000 to $99,999	Yes	No	Yes	Agree	Agree	3.0	Libertarian	Somewhat fiscally conservative				
56	57	67	1	none	gaussian	0.005	euclidean	5	11	20	45	gaussian	0.005	euclidean	8	10	10	20	gaussian	0.005	euclidean	7	12	15	25	2019-08-23 10:17:58	2019-08-23 12:00:03	IP Address	134.48.162.97	100.0	6124.0	True	2019-08-23 12:00:03	R_3Jw1s7V56eMBwF7					43.0406951904	-87.9356994629	anonymous	EN	67.0	5.0	1.0	1.0	2.0	1.0	3.0	Mental Demand	Performance	Performance	Temporal Demand	Effort	Frustration	Effort	Performance	Effort	Temporal Demand	Effort	Temporal Demand	Effort	Mental Demand	Mental Demand	Very unfamiliar	Very unfamiliar	Somewhat poorly	Neither well nor poorly	Somewhat well	Somewhat useful	Somewhat useful	Somewhat useful	Neither	20.0	No	White		Female		Currently enrolled in college	Unmarried/Single	Student	Not currently employed		$100,000 to $149,999	No	Yes	Yes	Agree	Somewhat agree	1.0	Somewhat Authoritarian	Somewhat fiscally conservative				
57	58	68	2	tech	linear	0.005	euclidean	15	50	25	28	linear	0.0025	euclidean	45	80	45	55	tophat	0.01	chebyshev	70	100	60	115	2019-08-27 14:09:46	2019-08-27 14:51:09	IP Address	161.129.68.83	100.0	2482.0	True	2019-08-27 14:51:09	R_3F28oPWrBpSOizW					32.8137054443	-96.8703994751	anonymous	EN	68.0	10.0	1.0	0.0	8.0	9.0	3.0	Mental Demand	Performance	Mental Demand	Frustration	Mental Demand	Frustration	Effort	Performance	Effort	Temporal Demand	Effort	Performance	Effort	Mental Demand	Mental Demand	Very unfamiliar	Somewhat familiar	Very well	Neither well nor poorly	Very well	Neither useful nor useless	Neither useful nor useless	Neither useful nor useless	Neither	21.0	No	White		Female		Currently enrolled in college	Unmarried/Single	Student	Non-profit, tax-exempt, or charitable organization		Less than $25,000	Yes	Yes	No	Agree	Agree	5.0	Neutral	Neutral				
58	59	69	2	tech	gaussian	0.005	euclidean	5	8	12	16	gaussian	0.005	euclidean	4	7	5	8	gaussian	0.005	euclidean	3	6	8	13	2019-08-28 09:53:06	2019-08-28 10:23:46	IP Address	134.48.160.136	100.0	1839.0	True	2019-08-28 10:23:46	R_3PQNkzltR1ZlA8Z					43.0406951904	-87.9356994629	anonymous	EN	69.0	15.0	1.0	1.0	7.0	14.0	14.0	Mental Demand	Performance	Mental Demand	Temporal Demand	Effort	Frustration	Performance	Performance	Effort	Temporal Demand	Effort	Performance	Effort	Mental Demand	Mental Demand	Somewhat unfamiliar	Somewhat familiar	Neither well nor poorly	Neither well nor poorly	Very well	Somewhat useful	Somewhat useful	Somewhat useful	Neither	21.0	No	White		Male		Currently enrolled in college	Unmarried/Single	Student	Not currently employed		$150,000 or more	No	No	Yes	Neither agree nor disagree	Neither agree nor disagree	5.0	Neutral	Neutral				
59	60	70	2	tech	gaussian	0.005	euclidean	6	12	11	15	tophat	0.005	manhattan	12	19	6	15	gaussian	0.005	euclidean	5	8	5	13																																																																								
